Project,URL,Matches
airbytehq/airbyte,https://github.com/airbytehq/airbyte/issues/2837,protect
airbytehq/airbyte,https://github.com/airbytehq/airbyte/pull/3131,balance
airbytehq/airbyte,https://github.com/airbytehq/airbyte/pull/7607,demograph
airbytehq/airbyte,https://github.com/airbytehq/airbyte/issues/6245,inclusive
airbytehq/airbyte,https://github.com/airbytehq/airbyte/issues/6886,opportunity
airbytehq/airbyte,https://github.com/airbytehq/airbyte/issues/4069,balance
airbytehq/airbyte,https://github.com/airbytehq/airbyte/issues/8129,inclusive
airbytehq/airbyte,https://github.com/airbytehq/airbyte/issues/10282,parity
airbytehq/airbyte,https://github.com/airbytehq/airbyte/pull/9850,balance
airbytehq/airbyte,https://github.com/airbytehq/airbyte/pull/10204,balance
airbytehq/airbyte,https://github.com/airbytehq/airbyte/issues/8507,balance
airbytehq/airbyte,https://github.com/airbytehq/airbyte/issues/9418,balance
airbytehq/airbyte,https://github.com/airbytehq/airbyte/issues/10539,equalit
airbytehq/airbyte,https://github.com/airbytehq/airbyte/issues/12370,balance
airbytehq/airbyte,https://github.com/airbytehq/airbyte/issues/10524,balance
airbytehq/airbyte,https://github.com/airbytehq/airbyte/issues/12717,balance
airbytehq/airbyte,https://github.com/airbytehq/airbyte/issues/12483,balance
airbytehq/airbyte,https://github.com/airbytehq/airbyte/pull/16818,geography
airbytehq/airbyte,https://github.com/airbytehq/airbyte/issues/11647,balance
airbytehq/airbyte,https://github.com/airbytehq/airbyte/issues/15242,balance
airbytehq/airbyte,https://github.com/airbytehq/airbyte/pull/17902,geography
airbytehq/airbyte,https://github.com/airbytehq/airbyte/pull/16775,balance
airbytehq/airbyte,https://github.com/airbytehq/airbyte/pull/18501,geography
airbytehq/airbyte,https://github.com/airbytehq/airbyte/pull/18874,transparen
airbytehq/airbyte,https://github.com/airbytehq/airbyte/pull/19021,geography
airbytehq/airbyte,https://github.com/airbytehq/airbyte/pull/19127,geography
airbytehq/airbyte,https://github.com/airbytehq/airbyte/pull/19879,geography
airbytehq/airbyte,https://github.com/airbytehq/airbyte/issues/15467,protect
airbytehq/airbyte,https://github.com/airbytehq/airbyte/pull/24646,equalit
airbytehq/airbyte,https://github.com/airbytehq/airbyte/issues/24823,opportunity
airbytehq/airbyte,https://github.com/airbytehq/airbyte/issues/19014,opportunity
airbytehq/airbyte,https://github.com/airbytehq/airbyte/issues/20683,protect
airbytehq/airbyte,https://github.com/airbytehq/airbyte/issues/23253,opportunity
airbytehq/airbyte,https://github.com/airbytehq/airbyte/pull/26079,inclusive
airbytehq/airbyte,https://github.com/airbytehq/airbyte/issues/17214,gender
airbytehq/airbyte,https://github.com/airbytehq/airbyte/issues/17204,age
airbytehq/airbyte,https://github.com/airbytehq/airbyte/pull/29753,parity
airbytehq/airbyte,https://github.com/airbytehq/airbyte/pull/30483,parity
airbytehq/airbyte,https://github.com/airbytehq/airbyte/pull/27644,balance
airbytehq/airbyte,https://github.com/airbytehq/airbyte/issues/7739,geography
airbytehq/airbyte,https://github.com/airbytehq/airbyte/issues/34030,parity
airbytehq/airbyte,https://github.com/airbytehq/airbyte/pull/34619,balance
airbytehq/airbyte,https://github.com/airbytehq/airbyte/pull/27916,balance
airbytehq/airbyte,https://github.com/airbytehq/airbyte/pull/34696,balance
airbytehq/airbyte,https://github.com/airbytehq/airbyte/issues/16648,geography
airbytehq/airbyte,https://github.com/airbytehq/airbyte/pull/17650,geography
airbytehq/airbyte,https://github.com/airbytehq/airbyte/pull/18543,geography
albumentations-team/albumentations,https://github.com/albumentations-team/albumentations/pull/203,bias
albumentations-team/albumentations,https://github.com/albumentations-team/albumentations/pull/558,bias
albumentations-team/albumentations,https://github.com/albumentations-team/albumentations/pull/1310,equalit
apache/tvm,https://github.com/apache/tvm/pull/436,protect
apache/tvm,https://github.com/apache/tvm/pull/543,equalit
apache/tvm,https://github.com/apache/tvm/issues/540,equalit
apache/tvm,https://github.com/apache/tvm/pull/567,equalit
apache/tvm,https://github.com/apache/tvm/pull/1172,equalit
apache/tvm,https://github.com/apache/tvm/pull/1176,equalit
apache/tvm,https://github.com/apache/tvm/issues/1106,equalit
apache/tvm,https://github.com/apache/tvm/pull/1631,bias
apache/tvm,https://github.com/apache/tvm/pull/1823,equalit
apache/tvm,https://github.com/apache/tvm/pull/1871,equalit
apache/tvm,https://github.com/apache/tvm/pull/1903,equalit
apache/tvm,https://github.com/apache/tvm/pull/1901,equalit
apache/tvm,https://github.com/apache/tvm/pull/1906,equalit
apache/tvm,https://github.com/apache/tvm/pull/1969,bias
apache/tvm,https://github.com/apache/tvm/pull/2892,bias
apache/tvm,https://github.com/apache/tvm/pull/2829,bias
apache/tvm,https://github.com/apache/tvm/pull/3027,bias
apache/tvm,https://github.com/apache/tvm/pull/3410,bias
apache/tvm,https://github.com/apache/tvm/pull/1620,bias
apache/tvm,https://github.com/apache/tvm/pull/4050,bias
apache/tvm,https://github.com/apache/tvm/pull/4516,bias
apache/tvm,https://github.com/apache/tvm/issues/4670,bias
apache/tvm,https://github.com/apache/tvm/pull/4801,bias
apache/tvm,https://github.com/apache/tvm/pull/5862,bias
apache/tvm,https://github.com/apache/tvm/pull/6523,bias
apache/tvm,https://github.com/apache/tvm/issues/6592,bias
apache/tvm,https://github.com/apache/tvm/pull/7467,bias
apache/tvm,https://github.com/apache/tvm/pull/7554,bias
apache/tvm,https://github.com/apache/tvm/pull/7887,protect
apache/tvm,https://github.com/apache/tvm/pull/6200,bias
apache/tvm,https://github.com/apache/tvm/pull/9135,bias
apache/tvm,https://github.com/apache/tvm/pull/9204,bias
apache/tvm,https://github.com/apache/tvm/pull/9244,bias
apache/tvm,https://github.com/apache/tvm/pull/9676,bias
apache/tvm,https://github.com/apache/tvm/pull/9745,equalit
apache/tvm,https://github.com/apache/tvm/pull/9838,bias
apache/tvm,https://github.com/apache/tvm/issues/7466,bias
apache/tvm,https://github.com/apache/tvm/pull/10898,bias
apache/tvm,https://github.com/apache/tvm/pull/10997,bias
apache/tvm,https://github.com/apache/tvm/pull/10964,protect
apache/tvm,https://github.com/apache/tvm/pull/11128,inclusive
apache/tvm,https://github.com/apache/tvm/pull/11230,inclusive
apache/tvm,https://github.com/apache/tvm/issues/11697,bias
apache/tvm,https://github.com/apache/tvm/pull/12473,balance
apache/tvm,https://github.com/apache/tvm/pull/12666,bias
apache/tvm,https://github.com/apache/tvm/pull/12807,protect
apache/tvm,https://github.com/apache/tvm/pull/13050,equalit
apache/tvm,https://github.com/apache/tvm/pull/13164,equalit
apache/tvm,https://github.com/apache/tvm/pull/13208,protect
apache/tvm,https://github.com/apache/tvm/pull/13198,equalit
apache/tvm,https://github.com/apache/tvm/pull/13274,protect
apache/tvm,https://github.com/apache/tvm/pull/12042,bias
apache/tvm,https://github.com/apache/tvm/pull/13577,balance
apache/tvm,https://github.com/apache/tvm/pull/13624,protect
apache/tvm,https://github.com/apache/tvm/pull/13953,bias
apache/tvm,https://github.com/apache/tvm/pull/14057,protect
apache/tvm,https://github.com/apache/tvm/issues/14335,bias
apache/tvm,https://github.com/apache/tvm/pull/14737,bias
apache/tvm,https://github.com/apache/tvm/pull/14809,bias
apache/tvm,https://github.com/apache/tvm/pull/14807,bias
apache/tvm,https://github.com/apache/tvm/pull/15040,equalit
apache/tvm,https://github.com/apache/tvm/pull/15318,bias
apache/tvm,https://github.com/apache/tvm/pull/15363,bias
apache/tvm,https://github.com/apache/tvm/pull/15621,equalit
apache/tvm,https://github.com/apache/tvm/pull/15590,equalit
apache/tvm,https://github.com/apache/tvm/pull/15628,equalit
apache/tvm,https://github.com/apache/tvm/pull/15664,equalit
apache/tvm,https://github.com/apache/tvm/pull/15708,bias
apache/tvm,https://github.com/apache/tvm/pull/16652,inclusive
AUTOMATIC1111/stable-diffusion-webui,https://github.com/AUTOMATIC1111/stable-diffusion-webui/issues/2916,balance
AUTOMATIC1111/stable-diffusion-webui,https://github.com/AUTOMATIC1111/stable-diffusion-webui/pull/2945,diversity
AUTOMATIC1111/stable-diffusion-webui,https://github.com/AUTOMATIC1111/stable-diffusion-webui/pull/6786,transparen
AUTOMATIC1111/stable-diffusion-webui,https://github.com/AUTOMATIC1111/stable-diffusion-webui/issues/590,transparen
AUTOMATIC1111/stable-diffusion-webui,https://github.com/AUTOMATIC1111/stable-diffusion-webui/issues/558,transparen
AUTOMATIC1111/stable-diffusion-webui,https://github.com/AUTOMATIC1111/stable-diffusion-webui/issues/10244,transparen
AUTOMATIC1111/stable-diffusion-webui,https://github.com/AUTOMATIC1111/stable-diffusion-webui/issues/3652,transparen
AUTOMATIC1111/stable-diffusion-webui,https://github.com/AUTOMATIC1111/stable-diffusion-webui/issues/1783,transparen
AUTOMATIC1111/stable-diffusion-webui,https://github.com/AUTOMATIC1111/stable-diffusion-webui/pull/12503,bias
AUTOMATIC1111/stable-diffusion-webui,https://github.com/AUTOMATIC1111/stable-diffusion-webui/pull/12543,bias
AUTOMATIC1111/stable-diffusion-webui,https://github.com/AUTOMATIC1111/stable-diffusion-webui/issues/6762,transparen
AUTOMATIC1111/stable-diffusion-webui,https://github.com/AUTOMATIC1111/stable-diffusion-webui/issues/13031,transparen
AUTOMATIC1111/stable-diffusion-webui,https://github.com/AUTOMATIC1111/stable-diffusion-webui/issues/13089,transparen
AUTOMATIC1111/stable-diffusion-webui,https://github.com/AUTOMATIC1111/stable-diffusion-webui/pull/13178,bias
AUTOMATIC1111/stable-diffusion-webui,https://github.com/AUTOMATIC1111/stable-diffusion-webui/pull/14956,transparen
AUTOMATIC1111/stable-diffusion-webui,https://github.com/AUTOMATIC1111/stable-diffusion-webui/pull/14957,transparen
AUTOMATIC1111/stable-diffusion-webui,https://github.com/AUTOMATIC1111/stable-diffusion-webui/issues/12205,bias
AUTOMATIC1111/stable-diffusion-webui,https://github.com/AUTOMATIC1111/stable-diffusion-webui/pull/14979,protect
AUTOMATIC1111/stable-diffusion-webui,https://github.com/AUTOMATIC1111/stable-diffusion-webui/pull/14958,transparen
AUTOMATIC1111/stable-diffusion-webui,https://github.com/AUTOMATIC1111/stable-diffusion-webui/issues/10640,bias
AUTOMATIC1111/stable-diffusion-webui,https://github.com/AUTOMATIC1111/stable-diffusion-webui/pull/12633,transparen
AUTOMATIC1111/stable-diffusion-webui,https://github.com/AUTOMATIC1111/stable-diffusion-webui/issues/9496,bias
chatchat-space/Langchain-Chatchat,https://github.com/chatchat-space/Langchain-Chatchat/issues/1717,bias
deepchem/deepchem,https://github.com/deepchem/deepchem/pull/516,balance
deepchem/deepchem,https://github.com/deepchem/deepchem/pull/801,transparen
deepchem/deepchem,https://github.com/deepchem/deepchem/issues/889,diversity
deepchem/deepchem,https://github.com/deepchem/deepchem/issues/1544,discriminat
deepchem/deepchem,https://github.com/deepchem/deepchem/issues/1891,balance
deepchem/deepchem,https://github.com/deepchem/deepchem/pull/1896,balance
deepchem/deepchem,https://github.com/deepchem/deepchem/pull/552,bias
deepchem/deepchem,https://github.com/deepchem/deepchem/pull/2520,bias
deepchem/deepchem,https://github.com/deepchem/deepchem/pull/2577,bias
deepchem/deepchem,https://github.com/deepchem/deepchem/issues/3145,bias
deepfakes/faceswap,https://github.com/deepfakes/faceswap/pull/246,balance
deepfakes/faceswap,https://github.com/deepfakes/faceswap/issues/542,ethic
deepfakes/faceswap,https://github.com/deepfakes/faceswap/issues/802,transparen
deepfakes/faceswap,https://github.com/deepfakes/faceswap/pull/818,balance
deepset-ai/haystack,https://github.com/deepset-ai/haystack/issues/345,diversity
deepset-ai/haystack,https://github.com/deepset-ai/haystack/pull/969,equalit
deepset-ai/haystack,https://github.com/deepset-ai/haystack/pull/2072,transparen
deepset-ai/haystack,https://github.com/deepset-ai/haystack/pull/3923,equalit
deepset-ai/haystack,https://github.com/deepset-ai/haystack/pull/3857,protect
deepset-ai/haystack,https://github.com/deepset-ai/haystack/pull/5398,diversity
deepset-ai/haystack,https://github.com/deepset-ai/haystack/pull/5494,diversity
deepset-ai/haystack,https://github.com/deepset-ai/haystack/issues/5489,diversity
deepset-ai/haystack,https://github.com/deepset-ai/haystack/pull/6005,equalit
deepset-ai/haystack,https://github.com/deepset-ai/haystack/issues/6153,equalit
deepset-ai/haystack,https://github.com/deepset-ai/haystack/issues/3523,parity
deepset-ai/haystack,https://github.com/deepset-ai/haystack/issues/6851,discriminat
deepset-ai/haystack,https://github.com/deepset-ai/haystack/pull/7086,transparen
deepset-ai/haystack,https://github.com/deepset-ai/haystack/issues/7094,diversity
deepset-ai/haystack,https://github.com/deepset-ai/haystack/issues/7367,diversity
dmlc/dgl,https://github.com/dmlc/dgl/pull/1215,balance
dmlc/dgl,https://github.com/dmlc/dgl/pull/1189,balance
dmlc/dgl,https://github.com/dmlc/dgl/pull/1665,bias
dmlc/dgl,https://github.com/dmlc/dgl/pull/2987,bias
dmlc/dgl,https://github.com/dmlc/dgl/issues/3523,bias
dmlc/dgl,https://github.com/dmlc/dgl/pull/3970,bias
dmlc/dgl,https://github.com/dmlc/dgl/pull/4071,bias
dmlc/dgl,https://github.com/dmlc/dgl/pull/4310,bias
dmlc/dgl,https://github.com/dmlc/dgl/pull/4916,bias
dmlc/dgl,https://github.com/dmlc/dgl/pull/5131,bias
dmlc/dgl,https://github.com/dmlc/dgl/pull/5127,bias
dmlc/dgl,https://github.com/dmlc/dgl/pull/4747,bias
dmlc/dgl,https://github.com/dmlc/dgl/issues/4882,bias
dmlc/dgl,https://github.com/dmlc/dgl/pull/5466,bias
dmlc/dgl,https://github.com/dmlc/dgl/issues/5682,bias
doccano/doccano,https://github.com/doccano/doccano/pull/987,parity
facebookresearch/fairseq,https://github.com/facebookresearch/fairseq/issues/199,fair
facebookresearch/fairseq,https://github.com/facebookresearch/fairseq/issues/983,bias
facebookresearch/fairseq,https://github.com/facebookresearch/fairseq/issues/922,fair
facebookresearch/fairseq,https://github.com/facebookresearch/fairseq/pull/1396,bias
facebookresearch/fairseq,https://github.com/facebookresearch/fairseq/pull/1397,bias
facebookresearch/fairseq,https://github.com/facebookresearch/fairseq/issues/890,balance
facebookresearch/fairseq,https://github.com/facebookresearch/fairseq/pull/1528,bias
facebookresearch/fairseq,https://github.com/facebookresearch/fairseq/pull/1893,bias
facebookresearch/fairseq,https://github.com/facebookresearch/fairseq/pull/2112,bias
facebookresearch/fairseq,https://github.com/facebookresearch/fairseq/pull/2113,bias
facebookresearch/fairseq,https://github.com/facebookresearch/fairseq/pull/1781,bias
facebookresearch/fairseq,https://github.com/facebookresearch/fairseq/pull/2753,bias
facebookresearch/fairseq,https://github.com/facebookresearch/fairseq/issues/3673,diversity
facebookresearch/fairseq,https://github.com/facebookresearch/fairseq/issues/1790,bias
facebookresearch/fairseq,https://github.com/facebookresearch/fairseq/pull/4287,bias
facebookresearch/fairseq,https://github.com/facebookresearch/fairseq/pull/4288,bias
facebookresearch/fairseq,https://github.com/facebookresearch/fairseq/pull/4289,bias
facebookresearch/fairseq,https://github.com/facebookresearch/fairseq/pull/4290,bias
facebookresearch/fairseq,https://github.com/facebookresearch/fairseq/issues/3804,diversity
facebookresearch/fairseq,https://github.com/facebookresearch/fairseq/issues/3468,diversity
facebookresearch/fairseq,https://github.com/facebookresearch/fairseq/issues/1527,bias
facebookresearch/fairseq,https://github.com/facebookresearch/fairseq/issues/4622,bias
facebookresearch/fairseq,https://github.com/facebookresearch/fairseq/pull/4623,bias
facebookresearch/fairseq,https://github.com/facebookresearch/fairseq/issues/4746,fair
facebookresearch/fairseq,https://github.com/facebookresearch/fairseq/pull/5069,diversity
facebookresearch/fairseq,https://github.com/facebookresearch/fairseq/issues/5156,discriminat
facebookresearch/fairseq,https://github.com/facebookresearch/fairseq/pull/5346,fair
facebookresearch/fairseq,https://github.com/facebookresearch/fairseq/issues/5430,fair
google-deepmind/sonnet,https://github.com/google-deepmind/sonnet/issues/65,bias
gradio-app/gradio,https://github.com/gradio-app/gradio/issues/95,protect
gradio-app/gradio,https://github.com/gradio-app/gradio/issues/413,gender
gradio-app/gradio,https://github.com/gradio-app/gradio/pull/1780,transparen
gradio-app/gradio,https://github.com/gradio-app/gradio/issues/1759,bias
gradio-app/gradio,https://github.com/gradio-app/gradio/issues/3939,protect
gradio-app/gradio,https://github.com/gradio-app/gradio/issues/5247,transparen
great-expectations/great_expectations,https://github.com/great-expectations/great_expectations/issues/51,equalit
great-expectations/great_expectations,https://github.com/great-expectations/great_expectations/issues/1304,equalit
great-expectations/great_expectations,https://github.com/great-expectations/great_expectations/pull/1837,inclusive
great-expectations/great_expectations,https://github.com/great-expectations/great_expectations/pull/2555,protect
great-expectations/great_expectations,https://github.com/great-expectations/great_expectations/pull/2556,protect
great-expectations/great_expectations,https://github.com/great-expectations/great_expectations/issues/3528,transparen
great-expectations/great_expectations,https://github.com/great-expectations/great_expectations/issues/4049,geography
great-expectations/great_expectations,https://github.com/great-expectations/great_expectations/pull/5145,parity
great-expectations/great_expectations,https://github.com/great-expectations/great_expectations/pull/5587,bias
great-expectations/great_expectations,https://github.com/great-expectations/great_expectations/pull/5597,equalit
great-expectations/great_expectations,https://github.com/great-expectations/great_expectations/pull/5586,inclusive
great-expectations/great_expectations,https://github.com/great-expectations/great_expectations/pull/8254,protect
great-expectations/great_expectations,https://github.com/great-expectations/great_expectations/pull/7237,parity
great-expectations/great_expectations,https://github.com/great-expectations/great_expectations/pull/9073,age
jina-ai/jina,https://github.com/jina-ai/jina/pull/198,balance
jina-ai/jina,https://github.com/jina-ai/jina/pull/4721,protect
jina-ai/jina,https://github.com/jina-ai/jina/issues/4515,balance
jina-ai/jina,https://github.com/jina-ai/jina/pull/5370,protect
jina-ai/jina,https://github.com/jina-ai/jina/pull/5440,protect
jina-ai/jina,https://github.com/jina-ai/jina/pull/6024,balance
jindongwang/transferlearning,https://github.com/jindongwang/transferlearning/pull/299,balance
jindongwang/transferlearning,https://github.com/jindongwang/transferlearning/issues/361,discriminat
kubeflow/pipelines,https://github.com/kubeflow/pipelines/issues/1389,parity
kubeflow/pipelines,https://github.com/kubeflow/pipelines/pull/2095,parity
kubeflow/pipelines,https://github.com/kubeflow/pipelines/pull/3561,equalit
kubeflow/pipelines,https://github.com/kubeflow/pipelines/issues/4384,protect
kubeflow/pipelines,https://github.com/kubeflow/pipelines/issues/3742,fair
kubeflow/pipelines,https://github.com/kubeflow/pipelines/pull/9421,bias
kubeflow/pipelines,https://github.com/kubeflow/pipelines/pull/9483,bias
kubeflow/pipelines,https://github.com/kubeflow/pipelines/pull/9531,bias
kubeflow/pipelines,https://github.com/kubeflow/pipelines/pull/9628,bias
kubeflow/pipelines,https://github.com/kubeflow/pipelines/pull/9676,bias
kubeflow/pipelines,https://github.com/kubeflow/pipelines/pull/9677,bias
kubeflow/pipelines,https://github.com/kubeflow/pipelines/pull/9825,bias
kubeflow/pipelines,https://github.com/kubeflow/pipelines/pull/9840,bias
kubeflow/pipelines,https://github.com/kubeflow/pipelines/pull/9760,bias
kubeflow/pipelines,https://github.com/kubeflow/pipelines/pull/10026,bias
LAION-AI/Open-Assistant,https://github.com/LAION-AI/Open-Assistant/pull/723,protect
LAION-AI/Open-Assistant,https://github.com/LAION-AI/Open-Assistant/pull/689,protect
LAION-AI/Open-Assistant,https://github.com/LAION-AI/Open-Assistant/issues/835,bias
LAION-AI/Open-Assistant,https://github.com/LAION-AI/Open-Assistant/issues/1028,equit;equitab
LAION-AI/Open-Assistant,https://github.com/LAION-AI/Open-Assistant/issues/2422,abuse
LAION-AI/Open-Assistant,https://github.com/LAION-AI/Open-Assistant/issues/3422,transparen
LAION-AI/Open-Assistant,https://github.com/LAION-AI/Open-Assistant/issues/2102,bias
langgenius/dify,https://github.com/langgenius/dify/pull/379,neutral;gender
langgenius/dify,https://github.com/langgenius/dify/pull/2971,age
Lightning-AI/pytorch-lightning,https://github.com/Lightning-AI/pytorch-lightning/issues/557,discriminat
Lightning-AI/pytorch-lightning,https://github.com/Lightning-AI/pytorch-lightning/pull/1855,protect
Lightning-AI/pytorch-lightning,https://github.com/Lightning-AI/pytorch-lightning/issues/1947,disparity
Lightning-AI/pytorch-lightning,https://github.com/Lightning-AI/pytorch-lightning/issues/2992,discriminat
Lightning-AI/pytorch-lightning,https://github.com/Lightning-AI/pytorch-lightning/pull/4305,protect
Lightning-AI/pytorch-lightning,https://github.com/Lightning-AI/pytorch-lightning/issues/1497,protect
Lightning-AI/pytorch-lightning,https://github.com/Lightning-AI/pytorch-lightning/pull/4526,disparity
Lightning-AI/pytorch-lightning,https://github.com/Lightning-AI/pytorch-lightning/pull/4651,parity
Lightning-AI/pytorch-lightning,https://github.com/Lightning-AI/pytorch-lightning/issues/4748,fair
Lightning-AI/pytorch-lightning,https://github.com/Lightning-AI/pytorch-lightning/issues/4747,fair
Lightning-AI/pytorch-lightning,https://github.com/Lightning-AI/pytorch-lightning/issues/4749,fair
Lightning-AI/pytorch-lightning,https://github.com/Lightning-AI/pytorch-lightning/pull/4772,fair
Lightning-AI/pytorch-lightning,https://github.com/Lightning-AI/pytorch-lightning/issues/4322,fair
Lightning-AI/pytorch-lightning,https://github.com/Lightning-AI/pytorch-lightning/pull/4786,fair
Lightning-AI/pytorch-lightning,https://github.com/Lightning-AI/pytorch-lightning/pull/4795,parity
Lightning-AI/pytorch-lightning,https://github.com/Lightning-AI/pytorch-lightning/pull/4884,parity
Lightning-AI/pytorch-lightning,https://github.com/Lightning-AI/pytorch-lightning/pull/4443,fair
Lightning-AI/pytorch-lightning,https://github.com/Lightning-AI/pytorch-lightning/issues/4750,fair
Lightning-AI/pytorch-lightning,https://github.com/Lightning-AI/pytorch-lightning/pull/5082,protect
Lightning-AI/pytorch-lightning,https://github.com/Lightning-AI/pytorch-lightning/pull/4910,fair
Lightning-AI/pytorch-lightning,https://github.com/Lightning-AI/pytorch-lightning/pull/5119,balance
Lightning-AI/pytorch-lightning,https://github.com/Lightning-AI/pytorch-lightning/pull/5113,fair
Lightning-AI/pytorch-lightning,https://github.com/Lightning-AI/pytorch-lightning/issues/2080,parity
Lightning-AI/pytorch-lightning,https://github.com/Lightning-AI/pytorch-lightning/pull/5170,parity
Lightning-AI/pytorch-lightning,https://github.com/Lightning-AI/pytorch-lightning/pull/5191,parity
Lightning-AI/pytorch-lightning,https://github.com/Lightning-AI/pytorch-lightning/pull/5380,fair
Lightning-AI/pytorch-lightning,https://github.com/Lightning-AI/pytorch-lightning/issues/5390,fair
Lightning-AI/pytorch-lightning,https://github.com/Lightning-AI/pytorch-lightning/issues/5093,fair
Lightning-AI/pytorch-lightning,https://github.com/Lightning-AI/pytorch-lightning/pull/5853,fair
Lightning-AI/pytorch-lightning,https://github.com/Lightning-AI/pytorch-lightning/pull/5866,parity
Lightning-AI/pytorch-lightning,https://github.com/Lightning-AI/pytorch-lightning/pull/5996,fair
Lightning-AI/pytorch-lightning,https://github.com/Lightning-AI/pytorch-lightning/pull/6281,fair
Lightning-AI/pytorch-lightning,https://github.com/Lightning-AI/pytorch-lightning/issues/6876,fair
Lightning-AI/pytorch-lightning,https://github.com/Lightning-AI/pytorch-lightning/pull/1351,parity
Lightning-AI/pytorch-lightning,https://github.com/Lightning-AI/pytorch-lightning/pull/1284,parity
Lightning-AI/pytorch-lightning,https://github.com/Lightning-AI/pytorch-lightning/pull/7017,fair
Lightning-AI/pytorch-lightning,https://github.com/Lightning-AI/pytorch-lightning/pull/7213,fair
Lightning-AI/pytorch-lightning,https://github.com/Lightning-AI/pytorch-lightning/issues/4796,parity
Lightning-AI/pytorch-lightning,https://github.com/Lightning-AI/pytorch-lightning/pull/7420,protect
Lightning-AI/pytorch-lightning,https://github.com/Lightning-AI/pytorch-lightning/issues/6943,fair
Lightning-AI/pytorch-lightning,https://github.com/Lightning-AI/pytorch-lightning/pull/8250,protect
Lightning-AI/pytorch-lightning,https://github.com/Lightning-AI/pytorch-lightning/issues/7774,bias
Lightning-AI/pytorch-lightning,https://github.com/Lightning-AI/pytorch-lightning/pull/8420,protect
Lightning-AI/pytorch-lightning,https://github.com/Lightning-AI/pytorch-lightning/pull/7832,parity
Lightning-AI/pytorch-lightning,https://github.com/Lightning-AI/pytorch-lightning/pull/9481,equalit
Lightning-AI/pytorch-lightning,https://github.com/Lightning-AI/pytorch-lightning/pull/9514,protect
Lightning-AI/pytorch-lightning,https://github.com/Lightning-AI/pytorch-lightning/pull/9515,protect
Lightning-AI/pytorch-lightning,https://github.com/Lightning-AI/pytorch-lightning/pull/9516,protect
Lightning-AI/pytorch-lightning,https://github.com/Lightning-AI/pytorch-lightning/pull/9779,protect
Lightning-AI/pytorch-lightning,https://github.com/Lightning-AI/pytorch-lightning/issues/5096,discriminat
Lightning-AI/pytorch-lightning,https://github.com/Lightning-AI/pytorch-lightning/pull/10002,parity
Lightning-AI/pytorch-lightning,https://github.com/Lightning-AI/pytorch-lightning/pull/10101,protect
Lightning-AI/pytorch-lightning,https://github.com/Lightning-AI/pytorch-lightning/pull/10032,protect
Lightning-AI/pytorch-lightning,https://github.com/Lightning-AI/pytorch-lightning/pull/10031,protect
Lightning-AI/pytorch-lightning,https://github.com/Lightning-AI/pytorch-lightning/pull/10200,fair
Lightning-AI/pytorch-lightning,https://github.com/Lightning-AI/pytorch-lightning/pull/10121,protect
Lightning-AI/pytorch-lightning,https://github.com/Lightning-AI/pytorch-lightning/pull/10300,protect
Lightning-AI/pytorch-lightning,https://github.com/Lightning-AI/pytorch-lightning/issues/7751,fair
Lightning-AI/pytorch-lightning,https://github.com/Lightning-AI/pytorch-lightning/pull/10781,protect
Lightning-AI/pytorch-lightning,https://github.com/Lightning-AI/pytorch-lightning/pull/10799,fair
Lightning-AI/pytorch-lightning,https://github.com/Lightning-AI/pytorch-lightning/pull/11000,protect
Lightning-AI/pytorch-lightning,https://github.com/Lightning-AI/pytorch-lightning/pull/11130,protect
Lightning-AI/pytorch-lightning,https://github.com/Lightning-AI/pytorch-lightning/issues/11483,protect
Lightning-AI/pytorch-lightning,https://github.com/Lightning-AI/pytorch-lightning/pull/11513,protect
Lightning-AI/pytorch-lightning,https://github.com/Lightning-AI/pytorch-lightning/pull/11478,fair
Lightning-AI/pytorch-lightning,https://github.com/Lightning-AI/pytorch-lightning/issues/11237,protect
Lightning-AI/pytorch-lightning,https://github.com/Lightning-AI/pytorch-lightning/issues/11482,protect
Lightning-AI/pytorch-lightning,https://github.com/Lightning-AI/pytorch-lightning/pull/11550,protect
Lightning-AI/pytorch-lightning,https://github.com/Lightning-AI/pytorch-lightning/pull/9849,protect
Lightning-AI/pytorch-lightning,https://github.com/Lightning-AI/pytorch-lightning/pull/11767,protect
Lightning-AI/pytorch-lightning,https://github.com/Lightning-AI/pytorch-lightning/pull/12021,parity
Lightning-AI/pytorch-lightning,https://github.com/Lightning-AI/pytorch-lightning/pull/12195,protect
Lightning-AI/pytorch-lightning,https://github.com/Lightning-AI/pytorch-lightning/issues/9778,protect
Lightning-AI/pytorch-lightning,https://github.com/Lightning-AI/pytorch-lightning/pull/11567,fair
Lightning-AI/pytorch-lightning,https://github.com/Lightning-AI/pytorch-lightning/issues/11407,bias
Lightning-AI/pytorch-lightning,https://github.com/Lightning-AI/pytorch-lightning/pull/12860,fair
Lightning-AI/pytorch-lightning,https://github.com/Lightning-AI/pytorch-lightning/pull/13182,parity
Lightning-AI/pytorch-lightning,https://github.com/Lightning-AI/pytorch-lightning/pull/14334,opportunity
Lightning-AI/pytorch-lightning,https://github.com/Lightning-AI/pytorch-lightning/pull/14476,fair
Lightning-AI/pytorch-lightning,https://github.com/Lightning-AI/pytorch-lightning/pull/14548,protect
Lightning-AI/pytorch-lightning,https://github.com/Lightning-AI/pytorch-lightning/pull/14721,fair
Lightning-AI/pytorch-lightning,https://github.com/Lightning-AI/pytorch-lightning/pull/14921,fair
Lightning-AI/pytorch-lightning,https://github.com/Lightning-AI/pytorch-lightning/issues/3665,discriminat
Lightning-AI/pytorch-lightning,https://github.com/Lightning-AI/pytorch-lightning/pull/15187,protect
Lightning-AI/pytorch-lightning,https://github.com/Lightning-AI/pytorch-lightning/pull/15307,protect
Lightning-AI/pytorch-lightning,https://github.com/Lightning-AI/pytorch-lightning/issues/15543,bias
Lightning-AI/pytorch-lightning,https://github.com/Lightning-AI/pytorch-lightning/pull/12861,fair
Lightning-AI/pytorch-lightning,https://github.com/Lightning-AI/pytorch-lightning/pull/15684,protect
Lightning-AI/pytorch-lightning,https://github.com/Lightning-AI/pytorch-lightning/pull/15842,fair
Lightning-AI/pytorch-lightning,https://github.com/Lightning-AI/pytorch-lightning/pull/16069,fair;parity
Lightning-AI/pytorch-lightning,https://github.com/Lightning-AI/pytorch-lightning/pull/16101,parity
Lightning-AI/pytorch-lightning,https://github.com/Lightning-AI/pytorch-lightning/issues/15587,protect
Lightning-AI/pytorch-lightning,https://github.com/Lightning-AI/pytorch-lightning/pull/16119,balance
Lightning-AI/pytorch-lightning,https://github.com/Lightning-AI/pytorch-lightning/pull/16145,protect
Lightning-AI/pytorch-lightning,https://github.com/Lightning-AI/pytorch-lightning/pull/16329,fair
Lightning-AI/pytorch-lightning,https://github.com/Lightning-AI/pytorch-lightning/pull/16353,fair
Lightning-AI/pytorch-lightning,https://github.com/Lightning-AI/pytorch-lightning/pull/16445,protect
Lightning-AI/pytorch-lightning,https://github.com/Lightning-AI/pytorch-lightning/issues/14186,fair
Lightning-AI/pytorch-lightning,https://github.com/Lightning-AI/pytorch-lightning/pull/16502,balance
Lightning-AI/pytorch-lightning,https://github.com/Lightning-AI/pytorch-lightning/pull/16400,fair
Lightning-AI/pytorch-lightning,https://github.com/Lightning-AI/pytorch-lightning/pull/16899,parity
Lightning-AI/pytorch-lightning,https://github.com/Lightning-AI/pytorch-lightning/pull/17008,protect
Lightning-AI/pytorch-lightning,https://github.com/Lightning-AI/pytorch-lightning/pull/17009,protect
Lightning-AI/pytorch-lightning,https://github.com/Lightning-AI/pytorch-lightning/pull/17493,parity
Lightning-AI/pytorch-lightning,https://github.com/Lightning-AI/pytorch-lightning/pull/17503,parity
Lightning-AI/pytorch-lightning,https://github.com/Lightning-AI/pytorch-lightning/pull/17502,parity
Lightning-AI/pytorch-lightning,https://github.com/Lightning-AI/pytorch-lightning/pull/17726,balance
Lightning-AI/pytorch-lightning,https://github.com/Lightning-AI/pytorch-lightning/issues/18397,bias
Lightning-AI/pytorch-lightning,https://github.com/Lightning-AI/pytorch-lightning/pull/19077,bias
logspace-ai/langflow,https://github.com/logspace-ai/langflow/issues/197,bias
logspace-ai/langflow,https://github.com/logspace-ai/langflow/pull/758,protect
microsoft/nni,https://github.com/microsoft/nni/pull/1867,bias
microsoft/nni,https://github.com/microsoft/nni/issues/2903,bias
microsoft/nni,https://github.com/microsoft/nni/pull/2914,bias
microsoft/nni,https://github.com/microsoft/nni/issues/3517,bias
microsoft/nni,https://github.com/microsoft/nni/issues/3848,bias
microsoft/nni,https://github.com/microsoft/nni/pull/3904,bias
microsoft/nni,https://github.com/microsoft/nni/pull/5603,bias
microsoft/unilm,https://github.com/microsoft/unilm/pull/436,fair
microsoft/unilm,https://github.com/microsoft/unilm/issues/510,bias
microsoft/unilm,https://github.com/microsoft/unilm/issues/623,fair
microsoft/unilm,https://github.com/microsoft/unilm/issues/901,fair
mindsdb/mindsdb,https://github.com/mindsdb/mindsdb/issues/278,balance
mindsdb/mindsdb,https://github.com/mindsdb/mindsdb/issues/459,bias
mindsdb/mindsdb,https://github.com/mindsdb/mindsdb/issues/466,inclusive
mlflow/mlflow,https://github.com/mlflow/mlflow/pull/2974,inclusive
mlflow/mlflow,https://github.com/mlflow/mlflow/issues/7679,protect
mlflow/mlflow,https://github.com/mlflow/mlflow/issues/8880,transparen
mlflow/mlflow,https://github.com/mlflow/mlflow/pull/10406,protect
mlflow/mlflow,https://github.com/mlflow/mlflow/pull/10412,protect
mlflow/mlflow,https://github.com/mlflow/mlflow/pull/10712,protect
mlflow/mlflow,https://github.com/mlflow/mlflow/pull/10753,protect
mlflow/mlflow,https://github.com/mlflow/mlflow/pull/10784,protect
mlflow/mlflow,https://github.com/mlflow/mlflow/pull/10756,protect
mlflow/mlflow,https://github.com/mlflow/mlflow/issues/10739,protect
mlflow/mlflow,https://github.com/mlflow/mlflow/pull/11245,protect
mozilla/bugbug,https://github.com/mozilla/bugbug/issues/1526,inclusive
mozilla/bugbug,https://github.com/mozilla/bugbug/issues/2097,transparen
mozilla/bugbug,https://github.com/mozilla/bugbug/issues/2191,age
onnx/onnx,https://github.com/onnx/onnx/issues/474,protect
onnx/onnx,https://github.com/onnx/onnx/pull/269,bias
onnx/onnx,https://github.com/onnx/onnx/pull/145,discriminat
onnx/onnx,https://github.com/onnx/onnx/pull/167,discriminat
onnx/onnx,https://github.com/onnx/onnx/pull/695,inclusive
onnx/onnx,https://github.com/onnx/onnx/issues/1127,bias
onnx/onnx,https://github.com/onnx/onnx/issues/54,bias
onnx/onnx,https://github.com/onnx/onnx/issues/1349,bias
onnx/onnx,https://github.com/onnx/onnx/issues/1529,bias
onnx/onnx,https://github.com/onnx/onnx/issues/1532,bias
onnx/onnx,https://github.com/onnx/onnx/issues/1531,bias
onnx/onnx,https://github.com/onnx/onnx/issues/299,bias
onnx/onnx,https://github.com/onnx/onnx/issues/2222,bias
onnx/onnx,https://github.com/onnx/onnx/pull/2330,bias
onnx/onnx,https://github.com/onnx/onnx/pull/2342,bias
onnx/onnx,https://github.com/onnx/onnx/pull/2464,bias
onnx/onnx,https://github.com/onnx/onnx/issues/2938,bias
onnx/onnx,https://github.com/onnx/onnx/issues/535,bias
onnx/onnx,https://github.com/onnx/onnx/pull/3545,bias
onnx/onnx,https://github.com/onnx/onnx/pull/2010,bias
onnx/onnx,https://github.com/onnx/onnx/issues/2139,bias
onnx/onnx,https://github.com/onnx/onnx/issues/1530,bias
onnx/onnx,https://github.com/onnx/onnx/issues/2621,parity
onnx/onnx,https://github.com/onnx/onnx/pull/4889,inclusive
onnx/onnx,https://github.com/onnx/onnx/pull/5313,inclusive
onnx/onnx,https://github.com/onnx/onnx/issues/5284,bias
onnx/onnx,https://github.com/onnx/onnx/pull/5802,inclusive
onnx/onnx,https://github.com/onnx/onnx/issues/5945,bias
pyg-team/pytorch_geometric,https://github.com/pyg-team/pytorch_geometric/pull/30,bias
pyg-team/pytorch_geometric,https://github.com/pyg-team/pytorch_geometric/pull/1431,bias
pyg-team/pytorch_geometric,https://github.com/pyg-team/pytorch_geometric/issues/4030,bias
pyg-team/pytorch_geometric,https://github.com/pyg-team/pytorch_geometric/issues/4501,bias
pyg-team/pytorch_geometric,https://github.com/pyg-team/pytorch_geometric/issues/4595,bias
pyg-team/pytorch_geometric,https://github.com/pyg-team/pytorch_geometric/pull/4597,bias
pyg-team/pytorch_geometric,https://github.com/pyg-team/pytorch_geometric/pull/4656,bias
pyg-team/pytorch_geometric,https://github.com/pyg-team/pytorch_geometric/pull/4672,bias
pyg-team/pytorch_geometric,https://github.com/pyg-team/pytorch_geometric/pull/4755,bias
pyg-team/pytorch_geometric,https://github.com/pyg-team/pytorch_geometric/pull/4981,bias
pyg-team/pytorch_geometric,https://github.com/pyg-team/pytorch_geometric/pull/5997,equalit
pyg-team/pytorch_geometric,https://github.com/pyg-team/pytorch_geometric/pull/6641,bias
pyg-team/pytorch_geometric,https://github.com/pyg-team/pytorch_geometric/pull/7074,equalit
pyg-team/pytorch_geometric,https://github.com/pyg-team/pytorch_geometric/issues/7920,bias
pyg-team/pytorch_geometric,https://github.com/pyg-team/pytorch_geometric/pull/7923,bias
pyg-team/pytorch_geometric,https://github.com/pyg-team/pytorch_geometric/pull/8267,bias;equalit
pyg-team/pytorch_geometric,https://github.com/pyg-team/pytorch_geometric/pull/9125,bias
ray-project/ray,https://github.com/ray-project/ray/issues/800,balance
ray-project/ray,https://github.com/ray-project/ray/pull/2697,protect
ray-project/ray,https://github.com/ray-project/ray/pull/3073,protect
ray-project/ray,https://github.com/ray-project/ray/issues/2925,protect
ray-project/ray,https://github.com/ray-project/ray/pull/3486,protect
ray-project/ray,https://github.com/ray-project/ray/pull/4003,protect
ray-project/ray,https://github.com/ray-project/ray/issues/5209,balance
ray-project/ray,https://github.com/ray-project/ray/pull/5851,fair
ray-project/ray,https://github.com/ray-project/ray/pull/5755,fair
ray-project/ray,https://github.com/ray-project/ray/pull/6395,fair
ray-project/ray,https://github.com/ray-project/ray/issues/10426,bias
ray-project/ray,https://github.com/ray-project/ray/issues/11267,protected attribute;protect
ray-project/ray,https://github.com/ray-project/ray/pull/13112,parity
ray-project/ray,https://github.com/ray-project/ray/pull/13257,parity
ray-project/ray,https://github.com/ray-project/ray/pull/13926,equalit
ray-project/ray,https://github.com/ray-project/ray/issues/12280,parity
ray-project/ray,https://github.com/ray-project/ray/pull/13444,parity
ray-project/ray,https://github.com/ray-project/ray/issues/16027,balance
ray-project/ray,https://github.com/ray-project/ray/pull/16140,balance
ray-project/ray,https://github.com/ray-project/ray/issues/15593,inclusive
ray-project/ray,https://github.com/ray-project/ray/issues/13650,balance
ray-project/ray,https://github.com/ray-project/ray/pull/17281,fair
ray-project/ray,https://github.com/ray-project/ray/issues/11062,parity
ray-project/ray,https://github.com/ray-project/ray/pull/18953,balance
ray-project/ray,https://github.com/ray-project/ray/pull/18933,balance
ray-project/ray,https://github.com/ray-project/ray/pull/19073,protect
ray-project/ray,https://github.com/ray-project/ray/issues/18476,transparen
ray-project/ray,https://github.com/ray-project/ray/issues/21769,protect
ray-project/ray,https://github.com/ray-project/ray/pull/18445,equalit
ray-project/ray,https://github.com/ray-project/ray/pull/15983,parity
ray-project/ray,https://github.com/ray-project/ray/pull/24344,balance
ray-project/ray,https://github.com/ray-project/ray/issues/10338,bias
ray-project/ray,https://github.com/ray-project/ray/pull/24459,bias
ray-project/ray,https://github.com/ray-project/ray/issues/21430,fair
ray-project/ray,https://github.com/ray-project/ray/issues/27371,protect
ray-project/ray,https://github.com/ray-project/ray/pull/18937,protect
ray-project/ray,https://github.com/ray-project/ray/issues/36944,balance
ray-project/ray,https://github.com/ray-project/ray/issues/37073,bias
ray-project/ray,https://github.com/ray-project/ray/issues/32421,inclusive
ray-project/ray,https://github.com/ray-project/ray/pull/42137,bias
recommenders-team/recommenders,https://github.com/recommenders-team/recommenders/pull/1416,diversity
recommenders-team/recommenders,https://github.com/recommenders-team/recommenders/pull/1465,diversity
recommenders-team/recommenders,https://github.com/recommenders-team/recommenders/issues/1453,diversity
recommenders-team/recommenders,https://github.com/recommenders-team/recommenders/pull/1470,diversity
recommenders-team/recommenders,https://github.com/recommenders-team/recommenders/pull/1491,diversity
recommenders-team/recommenders,https://github.com/recommenders-team/recommenders/pull/1480,diversity
recommenders-team/recommenders,https://github.com/recommenders-team/recommenders/issues/142,diversity
run-llama/llama_index,https://github.com/run-llama/llama_index/issues/264,bias
run-llama/llama_index,https://github.com/run-llama/llama_index/pull/3062,balance
run-llama/llama_index,https://github.com/run-llama/llama_index/pull/3064,balance
run-llama/llama_index,https://github.com/run-llama/llama_index/pull/3070,balance
run-llama/llama_index,https://github.com/run-llama/llama_index/pull/7904,protect
run-llama/llama_index,https://github.com/run-llama/llama_index/issues/8606,bias
run-llama/llama_index,https://github.com/run-llama/llama_index/issues/7201,bias
scikit-learn-contrib/imbalanced-learn,https://github.com/scikit-learn-contrib/imbalanced-learn/issues/142,balance
scikit-learn-contrib/imbalanced-learn,https://github.com/scikit-learn-contrib/imbalanced-learn/issues/189,balance
scikit-learn-contrib/imbalanced-learn,https://github.com/scikit-learn-contrib/imbalanced-learn/issues/296,balance
scikit-learn-contrib/imbalanced-learn,https://github.com/scikit-learn-contrib/imbalanced-learn/pull/299,minorit
scikit-learn-contrib/imbalanced-learn,https://github.com/scikit-learn-contrib/imbalanced-learn/pull/313,minorit
scikit-learn-contrib/imbalanced-learn,https://github.com/scikit-learn-contrib/imbalanced-learn/pull/315,balance
scikit-learn-contrib/imbalanced-learn,https://github.com/scikit-learn-contrib/imbalanced-learn/issues/359,balance
scikit-learn-contrib/imbalanced-learn,https://github.com/scikit-learn-contrib/imbalanced-learn/pull/373,balance
scikit-learn-contrib/imbalanced-learn,https://github.com/scikit-learn-contrib/imbalanced-learn/issues/372,balance
scikit-learn-contrib/imbalanced-learn,https://github.com/scikit-learn-contrib/imbalanced-learn/issues/387,balance
scikit-learn-contrib/imbalanced-learn,https://github.com/scikit-learn-contrib/imbalanced-learn/issues/405,balance
scikit-learn-contrib/imbalanced-learn,https://github.com/scikit-learn-contrib/imbalanced-learn/issues/388,balance
scikit-learn-contrib/imbalanced-learn,https://github.com/scikit-learn-contrib/imbalanced-learn/pull/448,balance
scikit-learn-contrib/imbalanced-learn,https://github.com/scikit-learn-contrib/imbalanced-learn/pull/459,balance
scikit-learn-contrib/imbalanced-learn,https://github.com/scikit-learn-contrib/imbalanced-learn/pull/472,balance
scikit-learn-contrib/imbalanced-learn,https://github.com/scikit-learn-contrib/imbalanced-learn/pull/498,balance
scikit-learn-contrib/imbalanced-learn,https://github.com/scikit-learn-contrib/imbalanced-learn/pull/531,bias
scikit-learn-contrib/imbalanced-learn,https://github.com/scikit-learn-contrib/imbalanced-learn/issues/573,minorit
scikit-learn-contrib/imbalanced-learn,https://github.com/scikit-learn-contrib/imbalanced-learn/issues/518,balance
scikit-learn-contrib/imbalanced-learn,https://github.com/scikit-learn-contrib/imbalanced-learn/pull/607,balance
scikit-learn-contrib/imbalanced-learn,https://github.com/scikit-learn-contrib/imbalanced-learn/issues/595,balance
scikit-learn-contrib/imbalanced-learn,https://github.com/scikit-learn-contrib/imbalanced-learn/pull/608,balance
scikit-learn-contrib/imbalanced-learn,https://github.com/scikit-learn-contrib/imbalanced-learn/pull/606,balance
scikit-learn-contrib/imbalanced-learn,https://github.com/scikit-learn-contrib/imbalanced-learn/issues/594,balance
scikit-learn-contrib/imbalanced-learn,https://github.com/scikit-learn-contrib/imbalanced-learn/issues/702,balance
scikit-learn-contrib/imbalanced-learn,https://github.com/scikit-learn-contrib/imbalanced-learn/issues/456,balance
scikit-learn-contrib/imbalanced-learn,https://github.com/scikit-learn-contrib/imbalanced-learn/issues/272,minorit
scikit-learn-contrib/imbalanced-learn,https://github.com/scikit-learn-contrib/imbalanced-learn/issues/713,balance
scikit-learn-contrib/imbalanced-learn,https://github.com/scikit-learn-contrib/imbalanced-learn/issues/584,balance
scikit-learn-contrib/imbalanced-learn,https://github.com/scikit-learn-contrib/imbalanced-learn/issues/756,balance
scikit-learn-contrib/imbalanced-learn,https://github.com/scikit-learn-contrib/imbalanced-learn/issues/757,balance
scikit-learn-contrib/imbalanced-learn,https://github.com/scikit-learn-contrib/imbalanced-learn/issues/740,balance
scikit-learn-contrib/imbalanced-learn,https://github.com/scikit-learn-contrib/imbalanced-learn/issues/783,balance
scikit-learn-contrib/imbalanced-learn,https://github.com/scikit-learn-contrib/imbalanced-learn/issues/653,balance
scikit-learn-contrib/imbalanced-learn,https://github.com/scikit-learn-contrib/imbalanced-learn/pull/808,balance
scikit-learn-contrib/imbalanced-learn,https://github.com/scikit-learn-contrib/imbalanced-learn/issues/569,balance
scikit-learn-contrib/imbalanced-learn,https://github.com/scikit-learn-contrib/imbalanced-learn/issues/884,balance
scikit-learn-contrib/imbalanced-learn,https://github.com/scikit-learn-contrib/imbalanced-learn/issues/900,balance
scikit-learn-contrib/imbalanced-learn,https://github.com/scikit-learn-contrib/imbalanced-learn/issues/872,balance
scikit-learn-contrib/imbalanced-learn,https://github.com/scikit-learn-contrib/imbalanced-learn/issues/941,balance
scikit-learn-contrib/imbalanced-learn,https://github.com/scikit-learn-contrib/imbalanced-learn/pull/958,inclusive
scikit-learn-contrib/imbalanced-learn,https://github.com/scikit-learn-contrib/imbalanced-learn/issues/962,balance
scikit-learn-contrib/imbalanced-learn,https://github.com/scikit-learn-contrib/imbalanced-learn/pull/964,minorit
scikit-learn-contrib/imbalanced-learn,https://github.com/scikit-learn-contrib/imbalanced-learn/pull/1007,minorit
scikit-learn-contrib/imbalanced-learn,https://github.com/scikit-learn-contrib/imbalanced-learn/issues/764,minorit
scikit-learn-contrib/imbalanced-learn,https://github.com/scikit-learn-contrib/imbalanced-learn/issues/860,minorit
scikit-learn-contrib/imbalanced-learn,https://github.com/scikit-learn-contrib/imbalanced-learn/issues/1038,balance
scikit-learn-contrib/imbalanced-learn,https://github.com/scikit-learn-contrib/imbalanced-learn/issues/1050,balance
serengil/deepface,https://github.com/serengil/deepface/pull/133,age
serengil/deepface,https://github.com/serengil/deepface/issues/144,gender
serengil/deepface,https://github.com/serengil/deepface/issues/120,gender
serengil/deepface,https://github.com/serengil/deepface/issues/117,age;gender
serengil/deepface,https://github.com/serengil/deepface/issues/85,age
serengil/deepface,https://github.com/serengil/deepface/issues/66,age;gender
serengil/deepface,https://github.com/serengil/deepface/issues/64,age;gender
serengil/deepface,https://github.com/serengil/deepface/issues/249,age
serengil/deepface,https://github.com/serengil/deepface/issues/294,age;gender
serengil/deepface,https://github.com/serengil/deepface/issues/408,age
serengil/deepface,https://github.com/serengil/deepface/issues/442,ethnic
serengil/deepface,https://github.com/serengil/deepface/issues/475,age
serengil/deepface,https://github.com/serengil/deepface/pull/497,gender
serengil/deepface,https://github.com/serengil/deepface/issues/593,gender
serengil/deepface,https://github.com/serengil/deepface/issues/125,age
serengil/deepface,https://github.com/serengil/deepface/issues/628,age;gender
serengil/deepface,https://github.com/serengil/deepface/issues/698,gender
serengil/deepface,https://github.com/serengil/deepface/issues/754,age;gender
serengil/deepface,https://github.com/serengil/deepface/issues/772,age;gender
serengil/deepface,https://github.com/serengil/deepface/issues/774,age;gender
serengil/deepface,https://github.com/serengil/deepface/issues/777,age
serengil/deepface,https://github.com/serengil/deepface/issues/925,age;gender
serengil/deepface,https://github.com/serengil/deepface/pull/960,demograph
serengil/deepface,https://github.com/serengil/deepface/issues/1028,gender
serengil/deepface,https://github.com/serengil/deepface/issues/1073,demograph
streamlit/streamlit,https://github.com/streamlit/streamlit/pull/2157,transparen
streamlit/streamlit,https://github.com/streamlit/streamlit/pull/4272,transparen
streamlit/streamlit,https://github.com/streamlit/streamlit/issues/2304,fair
streamlit/streamlit,https://github.com/streamlit/streamlit/issues/6095,balance
streamlit/streamlit,https://github.com/streamlit/streamlit/issues/5707,transparen
streamlit/streamlit,https://github.com/streamlit/streamlit/pull/7070,transparen
streamlit/streamlit,https://github.com/streamlit/streamlit/issues/8223,protect
streamlit/streamlit,https://github.com/streamlit/streamlit/issues/7813,transparen
svc-develop-team/so-vits-svc,https://github.com/svc-develop-team/so-vits-svc/issues/66,fair
ultralytics/ultralytics,https://github.com/ultralytics/ultralytics/issues/3874,transparen
ultralytics/ultralytics,https://github.com/ultralytics/ultralytics/issues/4639,bias
ultralytics/ultralytics,https://github.com/ultralytics/ultralytics/issues/4952,gender
ultralytics/ultralytics,https://github.com/ultralytics/ultralytics/issues/455,bias
ultralytics/ultralytics,https://github.com/ultralytics/ultralytics/issues/5959,balance
ultralytics/ultralytics,https://github.com/ultralytics/ultralytics/pull/7319,bias
ultralytics/ultralytics,https://github.com/ultralytics/ultralytics/pull/7199,bias
ultralytics/ultralytics,https://github.com/ultralytics/ultralytics/pull/861,bias
ultralytics/ultralytics,https://github.com/ultralytics/ultralytics/issues/3101,transparen
ultralytics/ultralytics,https://github.com/ultralytics/ultralytics/issues/3349,bias
ultralytics/ultralytics,https://github.com/ultralytics/ultralytics/issues/6586,minorit
ultralytics/yolov3,https://github.com/ultralytics/yolov3/issues/897,protect
ultralytics/yolov3,https://github.com/ultralytics/yolov3/issues/460,bias
ultralytics/yolov3,https://github.com/ultralytics/yolov3/issues/1735,bias
ultralytics/yolov3,https://github.com/ultralytics/yolov3/issues/1546,bias
ultralytics/yolov3,https://github.com/ultralytics/yolov3/issues/762,bias
ultralytics/yolov3,https://github.com/ultralytics/yolov3/issues/1921,balance
ultralytics/yolov3,https://github.com/ultralytics/yolov3/pull/1607,bias
ultralytics/yolov3,https://github.com/ultralytics/yolov3/pull/1588,bias
ultralytics/yolov5,https://github.com/ultralytics/yolov5/issues/741,balance
ultralytics/yolov5,https://github.com/ultralytics/yolov5/issues/4343,balance
ultralytics/yolov5,https://github.com/ultralytics/yolov5/issues/8352,bias
ultralytics/yolov5,https://github.com/ultralytics/yolov5/issues/10228,bias
ultralytics/yolov5,https://github.com/ultralytics/yolov5/issues/8699,transparen
ultralytics/yolov5,https://github.com/ultralytics/yolov5/issues/7924,balance
ultralytics/yolov5,https://github.com/ultralytics/yolov5/issues/7077,bias
ultralytics/yolov5,https://github.com/ultralytics/yolov5/issues/7050,balance
ultralytics/yolov5,https://github.com/ultralytics/yolov5/issues/5235,bias
ultralytics/yolov5,https://github.com/ultralytics/yolov5/issues/4279,bias
ultralytics/yolov5,https://github.com/ultralytics/yolov5/issues/1010,bias
ultralytics/yolov5,https://github.com/ultralytics/yolov5/issues/2026,balance
ultralytics/yolov5,https://github.com/ultralytics/yolov5/issues/2429,bias
ultralytics/yolov5,https://github.com/ultralytics/yolov5/issues/2744,bias
ultralytics/yolov5,https://github.com/ultralytics/yolov5/issues/3171,protect
ultralytics/yolov5,https://github.com/ultralytics/yolov5/issues/4302,bias
ultralytics/yolov5,https://github.com/ultralytics/yolov5/issues/6621,protect
ultralytics/yolov5,https://github.com/ultralytics/yolov5/issues/2255,balance
ultralytics/yolov5,https://github.com/ultralytics/yolov5/issues/11270,bias
ultralytics/yolov5,https://github.com/ultralytics/yolov5/issues/12139,gender
ultralytics/yolov5,https://github.com/ultralytics/yolov5/issues/8867,bias
ultralytics/yolov5,https://github.com/ultralytics/yolov5/pull/10112,bias
ultralytics/yolov5,https://github.com/ultralytics/yolov5/pull/9209,protect
ultralytics/yolov5,https://github.com/ultralytics/yolov5/pull/9048,protect
ultralytics/yolov5,https://github.com/ultralytics/yolov5/pull/8831,bias
ultralytics/yolov5,https://github.com/ultralytics/yolov5/pull/8550,protect
ultralytics/yolov5,https://github.com/ultralytics/yolov5/pull/8546,protect
ultralytics/yolov5,https://github.com/ultralytics/yolov5/pull/8356,bias
ultralytics/yolov5,https://github.com/ultralytics/yolov5/pull/8044,bias
ultralytics/yolov5,https://github.com/ultralytics/yolov5/pull/5520,bias
ultralytics/yolov5,https://github.com/ultralytics/yolov5/pull/1666,bias
ultralytics/yolov5,https://github.com/ultralytics/yolov5/pull/1601,bias
ultralytics/yolov5,https://github.com/ultralytics/yolov5/pull/1290,bias
ultralytics/yolov5,https://github.com/ultralytics/yolov5/pull/1235,bias
ultralytics/yolov5,https://github.com/ultralytics/yolov5/issues/3745,bias
unifyai/ivy,https://github.com/unifyai/ivy/pull/7585,inclusive
unifyai/ivy,https://github.com/unifyai/ivy/pull/8835,bias
unifyai/ivy,https://github.com/unifyai/ivy/issues/8808,bias
unifyai/ivy,https://github.com/unifyai/ivy/pull/15374,bias
unifyai/ivy,https://github.com/unifyai/ivy/pull/16053,disparity
unifyai/ivy,https://github.com/unifyai/ivy/pull/22335,bias
unifyai/ivy,https://github.com/unifyai/ivy/pull/18398,protect
unifyai/ivy,https://github.com/unifyai/ivy/pull/21484,bias
vllm-project/vllm,https://github.com/vllm-project/vllm/pull/740,bias
vllm-project/vllm,https://github.com/vllm-project/vllm/issues/838,bias
vllm-project/vllm,https://github.com/vllm-project/vllm/issues/848,bias
vllm-project/vllm,https://github.com/vllm-project/vllm/issues/925,bias
vllm-project/vllm,https://github.com/vllm-project/vllm/issues/995,bias
vllm-project/vllm,https://github.com/vllm-project/vllm/pull/996,bias
vllm-project/vllm,https://github.com/vllm-project/vllm/issues/1007,bias
vllm-project/vllm,https://github.com/vllm-project/vllm/pull/1490,bias
vllm-project/vllm,https://github.com/vllm-project/vllm/pull/1501,bias
vllm-project/vllm,https://github.com/vllm-project/vllm/pull/1496,bias
vllm-project/vllm,https://github.com/vllm-project/vllm/issues/1420,bias
vllm-project/vllm,https://github.com/vllm-project/vllm/pull/2301,bias
vllm-project/vllm,https://github.com/vllm-project/vllm/issues/1009,bias
vllm-project/vllm,https://github.com/vllm-project/vllm/pull/2896,bias
vllm-project/vllm,https://github.com/vllm-project/vllm/pull/3027,bias
vllm-project/vllm,https://github.com/vllm-project/vllm/issues/1076,diversity
vllm-project/vllm,https://github.com/vllm-project/vllm/pull/3259,bias
xtekky/gpt4free,https://github.com/xtekky/gpt4free/issues/15,protect
xtekky/gpt4free,https://github.com/xtekky/gpt4free/issues/75,sex
xtekky/gpt4free,https://github.com/xtekky/gpt4free/issues/185,sex
xtekky/gpt4free,https://github.com/xtekky/gpt4free/issues/214,sex
xtekky/gpt4free,https://github.com/xtekky/gpt4free/issues/286,sex
xtekky/gpt4free,https://github.com/xtekky/gpt4free/issues/402,ethic
xtekky/gpt4free,https://github.com/xtekky/gpt4free/issues/1415,balance
xtekky/gpt4free,https://github.com/xtekky/gpt4free/pull/1573,transparen
yzhao062/pyod,https://github.com/yzhao062/pyod/issues/385,bias
